{"base_files_url": "https://raw.githubusercontent.com/misteraddons/MiSTercade-OSD-Mapping/af62cd46ce5c55611974dd72d050a1fc10a94cfd/", "db_id": "misteraddons/MiSTercade-OSD-Mapping", "db_url": "https://raw.githubusercontent.com/misteraddons/MiSTercade-OSD-Mapping/db/db.json.zip", "files": {"config/inputs/input_16D0_1358_v3.map": {"hash": "5e132efa6e3c3a010588c6ef9df6e219", "size": 128, "tags": [22]}, "config/inputs/input_16d0_10be_v3.map": {"hash": "248e151686859303fb8bd5a1ef50b1a3", "size": 128, "tags": [22]}}, "folders": {"config": {"tags": [22]}, "config/inputs": {"tags": [22, 23]}}, "tag_dictionary": {"config": 22, "inputs": 23}, "timestamp": 1756948402}